# The files of library/ that differ from the reference's own library, one per row:
#
#     <file under library/>	<module it defines>	<what the change is>
#
# library/ began as a byte-identical copy of the bootstrap's library at v0.0.162 (7ba8bd1d). The
# reference compiler is always run against ITS OWN library (SYSL_ORACLE_LIB, or the one installed
# beside it) and this compiler against this one, so after a change here the two compile against
# different libraries.
#
# **The rule for an oracle sweep**: it may differ from the reference only in what reaches a module
# listed here. A sweep's disagreement is green when every disagreeing block, or every disagreeing
# symbol, reaches a listed module; anything else is a defect. With no rows the two libraries are the
# same bytes and every sweep must answer exactly as it does against the reference's library.
sysl/testing/testing.sysl	sysl.testing	new module, not in the reference's library: skip(why) -> never ends a test without a verdict (\u{3}, the reason, exit 0); outside the root module so it cannot collide with sysl.harness.skip
