# The spans sweep's ratchet (tests_spn_span_sweep.sysl), measured against 0.0.162: per sweep, class
# and node kind, the tree lines that differ from the reference ONLY in their span.
#
# Classes: extent (a wrong extent here), anchor (the reference's anchor against this tree's extent, or
# no span in the reference), other (no span here, more than a span differs, or a tree of another
# length). The `lines` row is the size of the trees the counts were taken over: a count may grow with
# the trees (plus a twentieth and ten lines) and no faster, a kind with no row fails, and a count below
# its row passes and asks for the row to be lowered -- or deleted when the kind is gone.
#
# sweep	class	kind	lines
emit-ast	lines	-	3323272
emit-ast	extent	Compare	3141
emit-ast	extent	Binary	2323
emit-ast	extent	Lambda	534
emit-ast	extent	ExprStmt	225
emit-ast	extent	Param	191
emit-ast	extent	RangeExpr	153
emit-ast	extent	WithField	61
emit-ast	extent	AsmArm	41
emit-ast	extent	Defer	32
emit-ast	extent	Call	26
emit-ast	extent	StrLit	24
emit-ast	extent	StructDecl	19
emit-ast	extent	BlockArg	14
emit-ast	extent	Variant	7
emit-ast	extent	Ident	5
emit-ast	extent	VarDecl	5
emit-ast	extent	ArrayLit	3
emit-ast	extent	ExternDecl	2
emit-ast	extent	IntLit	2
emit-ast	extent	StaticDecl	2
emit-ast	extent	Tuple	1
emit-ast	extent	TypeDecl	1
emit-ast	anchor	Call	171838
emit-ast	anchor	ExprStmt	61435
emit-ast	anchor	Binary	9413
emit-ast	anchor	MatchExpr	4947
emit-ast	anchor	Index	3587
emit-ast	anchor	TryExpr	418
emit-ast	anchor	IfExpr	256
emit-ast	anchor	StrLit	231
emit-ast	anchor	TypeAttr	75
emit-ast	anchor	MethodDecl	63
emit-ast	anchor	BoolLit	58
emit-ast	anchor	IntLit	56
emit-ast	anchor	NamedType	52
emit-ast	anchor	WithExpr	43
emit-ast	anchor	RangeBound	30
emit-ast	anchor	VarDecl	17
emit-ast	anchor	ArrayType	8
emit-ast	anchor	ValDecl	8
emit-ast	anchor	ValueArgType	7
emit-ast	anchor	ResultList	6
emit-ast	anchor	Param	5
emit-ast	anchor	TupleType	4
emit-ast	anchor	TypeArgs	3
emit-ast	anchor	Block	2
emit-ast	anchor	FnType	2
emit-ast	anchor	PostIncDec	2
emit-ast	anchor	Field	1
emit-ast	other	TreeLength	2
emit-typed	lines	-	241
emit-typed	extent	TFunc	1
emit-typed	anchor	TDeref	1
